{
"a-10_snd": {"category": "master","sounds": ["a-10_snd"]},
"a10gau8_snd": {"category": "master","sounds": ["a10gau8_snd"]},
"alert": {"category": "master","sounds": ["alert"]},
"boat": {"category": "master","sounds": ["boat"]},
"bomb_snd": {"category": "master","sounds": ["bomb_snd"]},
"cannon_1_snd": {"category": "master","sounds": ["cannon_1_snd"]},
"cannon_2_snd": {"category": "master","sounds": ["cannon_2_snd"]},
"cannon_3_snd": {"category": "master","sounds": ["cannon_3_snd"]},
"cannon_4_snd": {"category": "master","sounds": ["cannon_4_snd"]},
"chain": {"category": "master","sounds": ["chain"]},
"chain_ct": {"category": "master","sounds": ["chain_ct"]},
"dart": {"category": "master","sounds": ["dart"]},
"drone_snd": {"category": "master","sounds": ["drone_snd"]},
"eject_seat": {"category": "master","sounds": ["eject_seat"]},
"fim92_reload": {"category": "master","sounds": ["fim92_reload"]},
"fim92_snd": {"category": "master","sounds": ["fim92_snd"]},
"gau-8_snd": {"category": "master","sounds": ["gau-8_snd"]},
"glider": {"category": "master","sounds": ["glider"]},
"gltd": {"category": "master","sounds": ["gltd"]},
"gun_h1_snd": {"category": "master","sounds": ["gun_h1_snd"]},
"gun_h2_snd": {"category": "master","sounds": ["gun_h2_snd"]},
"gun_h3_snd": {"category": "master","sounds": ["gun_h3_snd"]},
"gun_h4_snd": {"category": "master","sounds": ["gun_h4_snd"]},
"gun_h5_snd": {"category": "master","sounds": ["gun_h5_snd"]},
"gun_h6_snd": {"category": "master","sounds": ["gun_h6_snd"]},
"gun_h7_snd": {"category": "master","sounds": ["gun_h7_snd"]},
"gun_l1_snd": {"category": "master","sounds": ["gun_l1_snd"]},
"gun_l2_snd": {"category": "master","sounds": ["gun_l2_snd"]},
"gun_l3_snd": {"category": "master","sounds": ["gun_l3_snd"]},
"gun_l4_snd": {"category": "master","sounds": ["gun_l4_snd"]},
"hawk_snd": {"category": "master","sounds": ["hawk_snd"]},
"heli": {"category": "master","sounds": ["heli"]},
"helidmg": {"category": "master","sounds": ["helidmg"]},
"heli_k": {"category": "master","sounds": ["heli_k"]},
"hit": {"category": "master","sounds": ["hit"]},
"jumper": {"category": "master","sounds": ["jumper"]},
"locked": {"category": "master","sounds": ["locked"]},
"lockon": {"category": "master","sounds": ["lockon"]},
"mbtrun": {"category": "master","sounds": ["mbtrun"]},
"mbt_run": {"category": "master","sounds": ["mbt_run"]},
"missile_1_snd": {"category": "master","sounds": ["missile_1_snd"]},
"missile_2_snd": {"category": "master","sounds": ["missile_2_snd"]},
"missile_3_snd": {"category": "master","sounds": ["missile_3_snd"]},
"missile_4_snd": {"category": "master","sounds": ["missile_4_snd"]},
"mk19_l_snd": {"category": "master","sounds": ["mk19_l_snd"]},
"mk19_r_snd": {"category": "master","sounds": ["mk19_r_snd"]},
"mw-1_snd": {"category": "master","sounds": ["mw-1_snd"]},
"ng": {"category": "master","sounds": ["ng"]},
"pi": {"category": "master","sounds": ["pi"]},
"plane": {"category": "master","sounds": ["plane"]},
"plane_cc": {"category": "master","sounds": ["plane_cc"]},
"plane_cv": {"category": "master","sounds": ["plane_cv"]},
"plastic_bomb_snd": {"category": "master","sounds": ["plastic_bomb_snd"]},
"prop": {"category": "master","sounds": ["prop"]},
"r44_heli": {"category": "master","sounds": ["r44_heli"]},
"radicon_heli": {"category": "master","sounds": ["radicon_heli"]},
"rocket": {"category": "master","sounds": ["rocket"]},
"rocket_snd": {"category": "master","sounds": ["rocket_snd"]},
"rr_griffon": {"category": "master","sounds": ["rr_griffon"]},
"rr_merlin": {"category": "master","sounds": ["rr_merlin"]},
"sa-2_snd": {"category": "master","sounds": ["sa-2_snd"]},
"smoke_snd": {"category": "master","sounds": ["smoke_snd"]},
"staff_cannon_snd": {"category": "master","sounds": ["staff_cannon_snd"]},
"tank": {"category": "master","sounds": ["tank"]},
"tank_gte": {"category": "master","sounds": ["tank_gte"]},
"turboprop": {"category": "master","sounds": ["turboprop"]},
"vehicle_drive": {"category": "master","sounds": ["vehicle_drive"]},
"vehicle_run": {"category": "master","sounds": ["vehicle_run"]},
"wraith_pulse_cannon_snd": {"category": "master","sounds": ["wraith_pulse_cannon_snd"]},
"wrench": {"category": "master","sounds": ["wrench1","wrench2","wrench3"]},
"xm301_snd": {"category": "master","sounds": ["xm301_snd"]},
"zoom": {"category": "master","sounds": ["zoom"]}
}

